block_id,primary_type,latency_ms,llm_block_id,summary,root_cause,comparison_to_historical,anomaly_type_llm,confidence,confidence_label,mitigation_high,mitigation_medium,mitigation_low,error
blk_-2380425631987325831,duplicate_pattern,38263,blk_-2380425631987325831,"This block contains 20 events with a total latency of 38263ms, indicating a potential issue with the block creation or replication process. The event sequence suggests a repeated pattern of successful replica receipt and block deletion.","The root cause of this anomaly is likely due to the repeated reporting of successful replica receipt (E9) and block deletion (E21) events, which may indicate a DataNode issue or a NameNode invalidation problem. This is supported by the presence of E5 and E11 events, which indicate the start and end of a pipeline write.","This block's latency of 38263ms is higher than the historical cases (average latency of 37290ms), suggesting a more severe issue.",duplicate_pattern,0.87,high,Investigate and fix the DataNode issue causing repeated replica receipt and block deletion events | Review NameNode invalidation settings to prevent unnecessary block deletions,Monitor block creation and replication processes for similar issues | Implement a more efficient block invalidation mechanism,Regularly review and optimize DataNode and NameNode configurations for improved performance,
blk_8687300722271711987,duplicate_pattern,50242,blk_8687300722271711987,"This block contains 26 events with a total latency of 50242ms, indicating a potential issue with the block creation or replication process. The repeated events E5, E9, and E26 suggest a possible loop or stuck state in the pipeline.","The root cause of this anomaly is likely a stuck PacketResponder thread (E11) that is repeatedly terminating and restarting, causing the DataNode to continuously receive and process the same block (E5, E9). This is supported by the repeated events E11 and E9, which indicate a failure to complete the block transfer.","This anomaly has a similar pattern to historical cases (Case 1, Case 2, Case 3) with a latency of 37104ms to 37507ms, indicating a potential systemic issue with block creation or replication.",duplicate_pattern,0.87,high,"Immediately investigate and terminate any stuck PacketResponder threads (E11) to prevent further block duplication. | Review the DataNode's configuration and ensure that it is not configured to continuously receive and process the same block (E5, E9).",Monitor the block creation and replication process to identify any potential issues or bottlenecks. | Review the NameNode's block map to ensure that it accurately reflects the block's status and location.,Consider implementing a block duplication detection mechanism to prevent similar anomalies in the future. | Review the DataNode's volume map to ensure that it is properly configured and up-to-date.,
blk_8012251783063320280,duplicate_pattern,22274,blk_8012251783063320280,"This block contains 21 events with a total latency of 22274ms, indicating a potential issue with the block creation or replica receipt process. The repeated events E5 and E11 suggest a possible loop or infinite loop in the pipeline.","The root cause of this anomaly is likely due to a failure in the pipeline write process, as evidenced by the repeated start of a pipeline write (E5) and the termination of the PacketResponder thread (E11). This suggests that the DataNode is stuck in an infinite loop, repeatedly attempting to write the block.","This anomaly is similar to historical cases with a latency of around 37,000ms, indicating a potential issue with the block creation or replica receipt process.",duplicate_pattern,0.87,high,Immediately investigate the DataNode and NameNode logs for any errors or warnings related to the block creation or replica receipt process. | Restart the DataNode and NameNode services to ensure a clean restart and prevent any potential infinite loops.,Monitor the block creation and replica receipt process for any further issues or anomalies. | Review the pipeline configuration to ensure it is correct and not causing any infinite loops.,Consider implementing a pipeline timeout to prevent infinite loops in the future. | Regularly review and update the pipeline configuration to ensure it is optimal and efficient.,
blk_1144859527738276881,duplicate_pattern,52,blk_1144859527738276881,"This block contains 14 events with a total latency of 52ms, indicating a potential issue with data replication. The sequence of events suggests a possible data duplication error.","The root cause of this anomaly is likely due to the repeated reporting of successful storage (E26) and redundant block storage (E27) after the PacketResponder thread terminated (E11). This is evident from the sequence of events, where E26 and E27 are repeated multiple times.","This anomaly is similar to historical cases with a latency of 37104ms, 37418ms, and 37507ms, indicating a consistent issue with data replication.",duplicate_pattern,0.73,medium,Immediately investigate and resolve the data duplication error to prevent further data loss. | Review the DataNode configuration to ensure it is correctly configured for data replication.,Monitor the block's replication status to ensure it is correctly replicated across multiple DataNodes. | Review the NameNode's block map to ensure it accurately reflects the block's replication status.,"Implement a long-term solution to prevent data duplication errors, such as implementing data checksums or using a more robust data replication algorithm.",
blk_8686401382491198120,duplicate_pattern,37280,blk_8686401382491198120,"This block contains 20 events with a high latency of 37280ms, indicating a potential issue with the block creation or replication process. The repeated events E5, E26, and E11 suggest a failure in the pipeline write and block storage.","The root cause of this anomaly is likely a failure in the pipeline write process, as evidenced by the repeated events E5 and E9. This is further supported by the event E11, which indicates the termination of the PacketResponder thread for the block.","This block's latency of 37280ms is higher than the historical cases, which had latencies of 37104ms, 37507ms, and 37491ms.",duplicate_pattern,0.87,high,Implement a retry mechanism for pipeline writes to handle failures | Increase the number of DataNodes for block replication,Monitor the block creation and replication process for similar issues | Review the DataNode configuration for optimal performance,Consider implementing a more robust block storage system | Regularly review and update the HDFS configuration for optimal performance,
blk_8321243236616059836,high_latency,52046,blk_8321243236616059836,"This block experienced a high latency of 52046ms due to a complex sequence of 27 events, including repeated DataNode operations and failed block deletions.","The high latency and duplicate pattern anomaly is caused by the repeated failure of block deletions (E23, E21, E20) and the subsequent retries, which led to a prolonged pipeline write (E5, E9, E11) and block map updates (E26).","This anomaly is similar to Case 2, which had a latency of 53019ms, and Case 3, which had a latency of 53026ms.",high_latency,0.93,high,Increase the block deletion timeout to prevent repeated retries and failed deletions. | Monitor DataNode operations and block map updates to identify and address any underlying issues.,Review and optimize the pipeline write process to reduce the number of retries and improve overall performance. | Implement a more efficient block deletion mechanism to reduce latency and improve data integrity.,Implement a more robust block metadata management system to prevent orphaned blocks and improve overall data integrity.,
blk_8520238754901860870,high_latency,51347,blk_8520238754901860870,"This block experienced 26 events with a total latency of 51347ms, indicating a prolonged pipeline write process. The sequence of events suggests a repeated pattern of successful replica receipt and block map updates.","The high latency is caused by repeated successful replica receipt events (E9) and block map updates (E26), indicating a prolonged pipeline write process. This is further supported by the repeated occurrence of event E5, which marks the start of a pipeline write.","This block's latency of 51347ms is higher than the average latency of 52046ms in historical cases, which suggests a more severe anomaly.",high_latency,0.93,high,Immediately investigate and resolve the underlying issue causing the prolonged pipeline write process. | Increase the number of DataNodes participating in the pipeline write to reduce the load on individual nodes.,Monitor the block's latency and adjust the replication factor as needed to prevent similar anomalies in the future. | Review the block's event sequence to identify any potential bottlenecks or inefficiencies in the pipeline write process.,Consider implementing a more efficient pipeline write algorithm to reduce the latency associated with successful replica receipt and block map updates. | Regularly review and optimize the block's replication configuration to ensure it is aligned with the current workload and storage capacity.,
blk_8722120357524151345,high_latency,50984,blk_8722120357524151345,"This block experienced a high latency of 50984ms, with 25 events occurring in the sequence. The events indicate a repeated pattern of successful replica receipt and block deletion.","The high latency and repeated pattern are caused by the repeated occurrence of events E9 and E11, indicating a failure in the block replication process. Event E11, where the PacketResponder thread for a block terminated, suggests that the block replication process is not completing successfully.","This block's latency of 50984ms is higher than the historical cases of 52046ms, 53019ms, and 53026ms.",high_latency,0.93,high,Increase the number of DataNodes participating in block replication to reduce latency. | Monitor the block replication process for any signs of failure.,Review the block replication configuration to ensure it is optimized for high-latency environments. | Implement a more robust block replication failure detection mechanism.,Consider upgrading the DataNode hardware to improve replication performance. | Develop a more efficient block replication algorithm to reduce latency.,
blk_6240020657057666020,high_latency,53125,blk_6240020657057666020,"This block experienced 24 events with a total latency of 53125ms, indicating a prolonged processing time. The sequence of events suggests a complex interaction between DataNodes and the NameNode.","The root cause of this high latency is the repeated occurrence of event E9, indicating that a DataNode was taking an excessive amount of time to receive a block of a known size. This is further exacerbated by the presence of event E11, which suggests that the PacketResponder thread for the block terminated, but not before causing significant delays.","This block's latency of 53125ms is comparable to Case 1, which had a latency of 52046ms, and Case 2, which had a latency of 53019ms.",high_latency,0.93,high,Increase the number of DataNodes participating in the block replication process to reduce the load on individual nodes. | Monitor the PacketResponder thread for the block and terminate it if it exceeds a certain threshold of latency.,Review the block replication process to identify any bottlenecks or inefficiencies. | Consider implementing a more efficient block replication algorithm.,Regularly review and update the HDFS configuration to ensure it is optimized for performance. | Consider adding more hardware resources to the cluster to improve overall performance.,
blk_-2601198341395425767,high_latency,53112,blk_-2601198341395425767,"This block experienced a high latency of 53112ms due to a complex sequence of 29 events, including repeated patterns and missing events.","The root cause of this anomaly is the repeated pattern of events E5, E11, and E9, which indicates a failure in the block replication process. Specifically, the PacketResponder thread for a block terminated prematurely (E11), and the DataNode finished receiving a block of a known size (E9) multiple times, causing the NameNode to update the block map (E26) and instruct the DataNode to replicate the block (E25).","This block's latency of 53112ms is higher than the historical cases, which had latencies of 53019ms, 52046ms, and 53026ms.",high_latency,0.93,high,"Immediately investigate and resolve the block replication issue causing the repeated pattern of events E5, E11, and E9. | Verify that the NameNode is correctly updating the block map and instructing the DataNode to replicate the block.",Monitor the block replication process and adjust the replication settings as needed to prevent similar issues in the future. | Review the DataNode's configuration and ensure that it is properly configured to handle block replication.,Consider implementing a more robust block replication mechanism to prevent similar issues in the future. | Regularly review and update the block replication settings to ensure they are optimal for the current cluster configuration.,
blk_-3797243824001506600,missing_events,0,blk_-3797243824001506600,"The block creation process was incomplete due to missing events E11 and E26, resulting in a failed block creation. This occurred with 0ms latency.","The failure mechanism was a missing event sequence, where the PacketResponder thread for a block (E11) and the NameNode updating the block map (E26) were not observed, indicating a potential issue with DataNode communication.","This case is similar to historical cases with 0ms latency, where the sequence of events E22 -> E5 was observed.",missing_events,0.66,medium,Verify DataNode connectivity and restart the NameNode to ensure proper block creation | Increase the PacketResponder thread count to improve communication efficiency,Monitor block creation processes for similar anomalies | Review DataNode configuration for potential issues,Implement a more robust block creation monitoring system to detect similar issues early,
blk_-6554481336966240622,missing_events,6,blk_-6554481336966240622,"The block blk_-6554481336966240622 experienced a duplicate pattern anomaly with 4 events in the sequence E5 -> E22 -> E5 -> E7, resulting in a latency of 6ms. This anomaly is characterized by the repeated occurrence of event E5.","The root cause of this anomaly is the repeated occurrence of event E5, which indicates a DataNode started receiving a new block, but the pipeline write operation failed, as evidenced by event E7.","This anomaly is similar to historical cases where a missing_events anomaly occurred with a latency of 1ms, but in this case, the latency is significantly higher at 6ms.",duplicate_pattern,0.71,medium,Implement a pipeline write operation retry mechanism to handle failed writes. | Increase the number of DataNodes to distribute the load and reduce the likelihood of pipeline write failures.,Monitor DataNode performance to identify potential bottlenecks and optimize pipeline write operations. | Implement event logging to track pipeline write failures and improve root cause analysis.,Regularly review and update the HDFS configuration to ensure optimal performance and minimize the likelihood of pipeline write failures.,
blk_-2960077722173004125,missing_events,4,blk_-2960077722173004125,"The block blk_-2960077722173004125 experienced a duplicate pattern anomaly with 4 events in sequence. The events occurred within 4ms, indicating a rapid sequence of operations.","The root cause of this anomaly is the repeated occurrence of event E5, which indicates a DataNode starting to receive a new block, suggesting a pipeline write failure. This is further supported by the presence of event E7, which indicates an exception was thrown during a block write operation, and event E11, which indicates the PacketResponder thread for a block terminated, likely due to a failure.","This anomaly is more severe than historical cases (e.g., Case 1, Case 2, Case 3) with a latency of 1ms, as it involves a more complex sequence of events and a higher number of events.",duplicate_pattern,0.71,medium,Implement a pipeline write retry mechanism to handle failures like E7 | Increase the timeout for block write operations to prevent premature termination of the PacketResponder thread,Monitor DataNode performance to detect potential issues before they lead to anomalies like this | Review and optimize block write operations to reduce the likelihood of failures,Consider implementing a more robust block write protocol to handle failures and improve overall system reliability,
blk_6604728773479221839,missing_events,0,blk_6604728773479221839,"The block is missing events E5 and E22, which are crucial for pipeline write and new block creation, respectively. This is despite having a latency of 0ms.","The failure mechanism is likely due to a DataNode not reporting successful storage of the block, as evidenced by the missing event E26, which is typically triggered by E9.","This case is similar to historical cases (Case 1, Case 2, Case 3) with a sequence of E22 -> E5, but with a latency of 0ms, which is significantly lower than the historical average of 1ms.",missing_events,0.66,medium,Verify DataNode reporting and storage of the block | Check NameNode configuration for block allocation,Monitor block creation and pipeline write processes for similar anomalies | Review DataNode logs for any errors or issues,Implement a long-term solution to improve DataNode reporting and storage efficiency | Regularly review and update NameNode configuration for optimal block allocation,
blk_-4969303299923717599,missing_events,0,blk_-4969303299923717599,"The block creation process is incomplete due to missing events E11 and E26. The latency for this block is 0ms, indicating a potential issue with the block creation pipeline.","The failure mechanism is a missing PacketResponder thread termination (E11) and NameNode block map update (E26), which are critical events in the block creation process.","This case is similar to historical cases (Case 1, Case 2, Case 3) with the same event sequence (E22 -> E5) and 0ms latency, but the root cause is not fully understood.",missing_events,0.66,medium,Implement a retry mechanism for the PacketResponder thread termination (E11) and NameNode block map update (E26) to ensure their successful completion. | Increase the timeout for these critical events to prevent block creation stalls.,"Monitor the block creation pipeline for similar issues and adjust the configuration as needed. | Implement logging to track the completion of critical events (E11, E26) in the block creation process.",Review the DataNode configuration to ensure it can handle the block creation pipeline efficiently. | Consider upgrading the NameNode to a more recent version that includes bug fixes for the block creation process.,
blk_8717072267468231918,repetition,32868,blk_8717072267468231918,"This block experienced 29 events with a total latency of 32868ms, indicating a potential issue with the block creation or replication process. The repetition of certain events, such as E5 and E26, suggests a possible loop or infinite loop in the pipeline.","The root cause of this anomaly is likely due to the repeated occurrence of event E5, which indicates a DataNode starting to receive a new block, and event E26, which indicates the NameNode updating the block map after successful storage. This suggests that the block creation process is stuck in a loop, causing the repeated events.","This anomaly is similar to historical cases, such as Case 1 with a latency of 52403ms, but with fewer events.",repetition,0.87,high,Immediately investigate and terminate any stuck DataNode processes to prevent further block creation and replication attempts. | Verify that the block creation process is not stuck in an infinite loop by checking the pipeline configuration and the block map.,Monitor the block creation process and pipeline for any signs of stuck or repeating events. | Review the block map and pipeline configuration to ensure that they are correct and up-to-date.,Consider implementing a mechanism to detect and prevent infinite loops in the block creation process. | Regularly review and optimize the pipeline configuration to prevent similar issues in the future.,
blk_8398325026949583934,repetition,32387,blk_8398325026949583934,"This block experienced a repetition anomaly, consisting of 29 events, with a total latency of 32387ms. The anomaly sequence started with a new block creation (E22) and was followed by repeated DataNode interactions.","The repetition anomaly was caused by the repeated successful replica receipt (E9) and packet responder thread termination (E11) events, indicating a stuck pipeline write. This is evident from the sequence of events, where E9 and E11 are repeated multiple times.","This anomaly is similar to historical cases, such as Case 1, which had a latency of 52403ms, but with fewer events.",repetition,0.93,high,Implement a pipeline write timeout to prevent stuck writes | Increase the number of DataNodes for high-latency blocks,Monitor pipeline write progress and intervene if necessary | Review DataNode configuration for optimal performance,Regularly review and optimize HDFS configuration for improved performance | Consider implementing a more robust pipeline write mechanism,
blk_-3800595472166056394,repetition,51072,blk_-3800595472166056394,"This block experienced a high-latency anomaly with 42 events, resulting in a total latency of 51072ms. The sequence of events indicates a repeated pattern of block creation, replica receipt, and storage.","The root cause of this anomaly is the repeated pattern of block creation and replica receipt, which is evident from the sequence of events E5 -> E22 -> E5 -> E5 -> E11 -> E9 -> E26 -> E26 -> E11 -> E9. This pattern indicates that the block was repeatedly created and replicated, leading to high latency and potential data inconsistencies.","This anomaly is similar to historical cases with high latency, such as Case 1 with a latency of 51095ms and Case 2 with a latency of 52403ms.",repetition,0.93,high,Immediately investigate and resolve any underlying issues causing the repeated block creation and replica receipt. | Review and optimize the block replication process to reduce latency and improve data consistency.,Monitor the block's replication status and latency to ensure that the issue is resolved. | Review the block's configuration and settings to ensure that they are optimal for the current workload.,Consider implementing a more efficient block replication algorithm to reduce latency and improve data consistency in the long term.,
blk_-1021695699039097568,repetition,9270,blk_-1021695699039097568,"This block experienced a repetition anomaly with 29 events occurring over 9270ms, indicating a potential issue with block replication or invalidation.","The root cause of this anomaly is likely due to the repeated occurrence of event E23 (NameNode added block to invalidation set) and E21 (DataNode deleted a block file from local disk), which suggests an issue with block invalidation and replication. This is further supported by the presence of event E25 (NameNode instructed DataNode to replicate block), indicating under-replication.","This anomaly is similar to Case 1, which had a latency of 52403ms, indicating a potential issue with block replication or invalidation.",repetition,0.8,high,Immediately investigate and resolve the block invalidation issue to prevent further repetition. | Verify that all DataNodes have the correct block metadata and are not experiencing orphaned block issues.,Monitor block replication and invalidation processes to ensure they are functioning correctly. | Review NameNode and DataNode logs for any errors or issues related to block replication or invalidation.,Consider implementing a more robust block invalidation and replication mechanism to prevent similar issues in the future.,
blk_1913404323370443729,repetition,6151,blk_1913404323370443729,"This block contains 27 events with a total latency of 6151ms, indicating a potential issue with the block creation or replication process. The repetition of certain events, such as E26 and E21, suggests a possible loop or infinite loop in the block's life cycle.","The root cause of this anomaly is likely due to the repeated invocation of event E26, which indicates that the NameNode is updating the block map after a DataNode reported successful storage. This suggests that the DataNode is repeatedly reporting successful storage of the block, causing the NameNode to update the block map unnecessarily. This is further supported by the presence of event E25, which indicates that the NameNode instructed the DataNode to replicate the block, but the replication process is not completing successfully.","This block's latency of 6151ms is significantly higher than the historical cases, which had latencies of 52403ms, 51016ms, and 53107ms.",repetition,0.73,medium,Investigate and fix the underlying issue causing the repeated invocation of event E26 | Check the DataNode's storage capacity and ensure it has sufficient space to store the block,Monitor the block's life cycle and identify the exact point where the loop or infinite loop is occurring | Review the NameNode's configuration and ensure it is not causing the repeated replication of the block,"Implement a long-term solution to prevent similar issues in the future, such as implementing a block-level cache or improving the DataNode's storage efficiency",
